{"type":"FeatureCollection","features":[{"type":"Feature","properties":{"localidad":"Cachi","pob":7315.0,"cant_medios":2.0,"cant_periodistas":6.0,"pobXmedios":3657.5,"pobXperiodistas":1219.1666666666668,"categoria":"1","provincia":"Salta","link":"66014010","codpcia":"66","coddpto":"014","codloc":"010","departamen":"Cachi","func_loc":"3","tiploc":"1","tip2loc":"0","latitud":"25 07 15","longitud":"66 10 02","xgk":3483142.0,"ygk":7222802.0,"varones":1298.0,"mujeres":1318.0,"personas":2616.0,"hogares":680.0,"viv_part_h":623.0,"viv_part":880.0},"geometry":{"type":"Point","coordinates":[-66.167949,-25.120164]}},{"type":"Feature","properties":{"localidad":"Cafayate","pob":14850.0,"cant_medios":2.0,"cant_periodistas":10.0,"pobXmedios":7425.0,"pobXperiodistas":1485.0,"categoria":"1","provincia":"Salta","link":"66021010","codpcia":"66","coddpto":"021","codloc":"010","departamen":"Cafayate","func_loc":"3","tiploc":"1","tip2loc":"0","latitud":"26 04 38","longitud":"65 59 08","xgk":3501452.0,"ygk":7116863.0,"varones":6756.0,"mujeres":6942.0,"personas":13698.0,"hogares":3234.0,"viv_part_h":2633.0,"viv_part":3160.0},"geometry":{"type":"Point","coordinates":[-65.98629,-26.076538]}},{"type":"Feature","properties":{"localidad":"Cerrillos","pob":35789.0,"cant_medios":2.0,"cant_periodistas":6.0,"pobXmedios":17894.5,"pobXperiodistas":5964.833333333333,"categoria":"2","provincia":"Salta","link":"66035010","codpcia":"66","coddpto":"035","codloc":"010","departamen":"Cerrillos","func_loc":"3","tiploc":"2","tip2loc":"5","latitud":"24 54 01","longitud":"65 29 15","xgk":3551768.0,"ygk":7247132.0,"varones":5784.0,"mujeres":6085.0,"personas":11869.0,"hogares":2833.0,"viv_part_h":2489.0,"viv_part":2888.0},"geometry":{"type":"Point","coordinates":[-65.488406,-24.899748]}},{"type":"Feature","properties":{"localidad":"Chicoana","pob":20710.0,"cant_medios":2.0,"cant_periodistas":6.0,"pobXmedios":10355.0,"pobXperiodistas":3451.6666666666667,"categoria":"1","provincia":"Salta","link":"66042010","codpcia":"66","coddpto":"042","codloc":"010","departamen":"Chicoana","func_loc":"3","tiploc":"1","tip2loc":"0","latitud":"25 06 23","longitud":"65 32 10","xgk":3546791.0,"ygk":7224346.0,"varones":2039.0,"mujeres":2163.0,"personas":4202.0,"hogares":986.0,"viv_part_h":806.0,"viv_part":934.0},"geometry":{"type":"Point","coordinates":[-65.53689,-25.105602]}},{"type":"Feature","properties":{"localidad":"General Güemes","pob":47226.0,"cant_medios":3.0,"cant_periodistas":22.0,"pobXmedios":15742.0,"pobXperiodistas":2146.6363636363637,"categoria":"3","provincia":"Salta","link":"66049040","codpcia":"66","coddpto":"049","codloc":"040","departamen":"General Güemes","func_loc":"3","tiploc":"1","tip2loc":"0","latitud":"24 40 09","longitud":"65 02 55","xgk":3596307.0,"ygk":7272517.0,"varones":15540.0,"mujeres":15954.0,"personas":31494.0,"hogares":7747.0,"viv_part_h":7022.0,"viv_part":7720.0},"geometry":{"type":"Point","coordinates":[-65.049353,-24.668444]}},{"type":"Feature","properties":{"localidad":"Guachipas","pob":3187.0,"cant_medios":1.0,"cant_periodistas":3.0,"pobXmedios":3187.0,"pobXperiodistas":1062.3333333333333,"categoria":"1","provincia":"Salta","link":"66063010","codpcia":"66","coddpto":"063","codloc":"010","departamen":"Guachipas","func_loc":"3","tiploc":"1","tip2loc":"0","latitud":"25 31 27","longitud":"65 31 05","xgk":3548453.0,"ygk":7178039.0,"varones":1011.0,"mujeres":1062.0,"personas":2073.0,"hogares":524.0,"viv_part_h":484.0,"viv_part":629.0},"geometry":{"type":"Point","coordinates":[-65.518764,-25.523548]}},{"type":"Feature","properties":{"localidad":"Iruya","pob":5987.0,"cant_medios":null,"cant_periodistas":null,"pobXmedios":null,"pobXperiodistas":null,"categoria":"1","provincia":"Salta","link":"66070010","codpcia":"66","coddpto":"070","codloc":"010","departamen":"Iruya","func_loc":"3","tiploc":"1","tip2loc":"0","latitud":"22 46 47","longitud":"65 12 20","xgk":3581580.0,"ygk":7481906.0,"varones":722.0,"mujeres":801.0,"personas":1523.0,"hogares":399.0,"viv_part_h":337.0,"viv_part":526.0},"geometry":{"type":"Point","coordinates":[-65.20636,-22.778916]}},{"type":"Feature","properties":{"localidad":"La Caldera","pob":7763.0,"cant_medios":1.0,"cant_periodistas":2.0,"pobXmedios":7763.0,"pobXperiodistas":3881.5,"categoria":"1","provincia":"Salta","link":"66077010","codpcia":"66","coddpto":"077","codloc":"010","departamen":"La Caldera","func_loc":"3","tiploc":"1","tip2loc":"0","latitud":"24 36 20","longitud":"65 22 54","xgk":3562632.0,"ygk":7279743.0,"varones":1104.0,"mujeres":1082.0,"personas":2186.0,"hogares":543.0,"viv_part_h":503.0,"viv_part":670.0},"geometry":{"type":"Point","coordinates":[-65.382338,-24.604949]}},{"type":"Feature","properties":{"localidad":"La Candelaria","pob":5704.0,"cant_medios":2.0,"cant_periodistas":4.0,"pobXmedios":2852.0,"pobXperiodistas":1426.0,"categoria":"1","provincia":"Salta","link":"66084030","codpcia":"66","coddpto":"084","codloc":"030","departamen":"La Candelaria","func_loc":"3","tiploc":"1","tip2loc":"0","latitud":"26 05 49","longitud":"65 03 37","xgk":3594016.0,"ygk":7114349.0,"varones":310.0,"mujeres":339.0,"personas":649.0,"hogares":160.0,"viv_part_h":155.0,"viv_part":199.0},"geometry":{"type":"Point","coordinates":[-65.061012,-26.096179]}},{"type":"Feature","properties":{"localidad":"La Poma","pob":1738.0,"cant_medios":null,"cant_periodistas":null,"pobXmedios":null,"pobXperiodistas":null,"categoria":"1","provincia":"Salta","link":"66091020","codpcia":"66","coddpto":"091","codloc":"020","departamen":"La Poma","func_loc":"3","tiploc":"1","tip2loc":"0","latitud":"24 42 49","longitud":"66 11 56","xgk":3479870.0,"ygk":7267911.0,"varones":309.0,"mujeres":305.0,"personas":614.0,"hogares":147.0,"viv_part_h":133.0,"viv_part":208.0},"geometry":{"type":"Point","coordinates":[-66.199739,-24.712901]}},{"type":"Feature","properties":{"localidad":"La Viña","pob":7435.0,"cant_medios":1.0,"cant_periodistas":2.0,"pobXmedios":7435.0,"pobXperiodistas":3717.5,"categoria":"1","provincia":"Salta","link":"66098040","codpcia":"66","coddpto":"098","codloc":"040","departamen":"La Viña","func_loc":"3","tiploc":"1","tip2loc":"0","latitud":"25 28 21","longitud":"65 34 16","xgk":3543122.0,"ygk":7183771.0,"varones":900.0,"mujeres":925.0,"personas":1825.0,"hogares":438.0,"viv_part_h":383.0,"viv_part":454.0},"geometry":{"type":"Point","coordinates":[-65.571984,-25.471972]}},{"type":"Feature","properties":{"localidad":"Molinos","pob":5652.0,"cant_medios":null,"cant_periodistas":null,"pobXmedios":null,"pobXperiodistas":null,"categoria":"1","provincia":"Salta","link":"66119020","codpcia":"66","coddpto":"119","codloc":"020","departamen":"Molinos","func_loc":"3","tiploc":"1","tip2loc":"0","latitud":"25 26 42","longitud":"66 18 29","xgk":3469014.0,"ygk":7186876.0,"varones":601.0,"mujeres":582.0,"personas":1183.0,"hogares":261.0,"viv_part_h":220.0,"viv_part":308.0},"geometry":{"type":"Point","coordinates":[-66.30885,-25.444243]}},{"type":"Feature","properties":{"localidad":"Rivadavia","pob":30357.0,"cant_medios":2.0,"cant_periodistas":3.0,"pobXmedios":15178.5,"pobXperiodistas":10119.0,"categoria":"1","provincia":"Salta","link":"66133070","codpcia":"66","coddpto":"133","codloc":"070","departamen":"Rivadavia","func_loc":"3","tiploc":"1","tip2loc":"0","latitud":"24 11 37","longitud":"62 53 06","xgk":3816609.0,"ygk":7322002.0,"varones":1081.0,"mujeres":1074.0,"personas":2155.0,"hogares":538.0,"viv_part_h":502.0,"viv_part":653.0},"geometry":{"type":"Point","coordinates":[-62.885585,-24.192848]}},{"type":"Feature","properties":{"localidad":"San Carlos","pob":7016.0,"cant_medios":1.0,"cant_periodistas":1.0,"pobXmedios":7016.0,"pobXperiodistas":7016.0,"categoria":"1","provincia":"Salta","link":"66154040","codpcia":"66","coddpto":"154","codloc":"040","departamen":"San Carlos","func_loc":"3","tiploc":"1","tip2loc":"0","latitud":"25 53 38","longitud":"65 56 07","xgk":3506473.0,"ygk":7137167.0,"varones":1131.0,"mujeres":1078.0,"personas":2209.0,"hogares":533.0,"viv_part_h":441.0,"viv_part":687.0},"geometry":{"type":"Point","coordinates":[-65.937412,-25.89545]}},{"type":"Feature","properties":{"localidad":"Santa Victoria","pob":10344.0,"cant_medios":1.0,"cant_periodistas":1.0,"pobXmedios":10344.0,"pobXperiodistas":10344.0,"categoria":"1","provincia":"Salta","link":"66161070","codpcia":"66","coddpto":"161","codloc":"070","departamen":"Santa Victoria","func_loc":"3","tiploc":"1","tip2loc":"0","latitud":"22 13 49","longitud":"64 56 59","xgk":3608301.0,"ygk":7542595.0,"varones":556.0,"mujeres":595.0,"personas":1151.0,"hogares":298.0,"viv_part_h":266.0,"viv_part":378.0},"geometry":{"type":"Point","coordinates":[-64.950326,-22.229462]}},{"type":"Feature","properties":{"localidad":"Bajo Caracoles","pob":33.0,"cant_medios":null,"cant_periodistas":null,"pobXmedios":null,"pobXperiodistas":null,"categoria":"1","provincia":"Santa Cruz","link":"78049010","codpcia":"78","coddpto":"049","codloc":"010","departamen":"Río Chico","func_loc":"0","tiploc":"1","tip2loc":"0","latitud":"47 26 47","longitud":"70 55 38","xgk":2354642.0,"ygk":4743516.0,"varones":19.0,"mujeres":14.0,"personas":33.0,"hogares":13.0,"viv_part_h":7.0,"viv_part":16.0},"geometry":{"type":"Point","coordinates":[-70.928516,-47.446149]}},{"type":"Feature","properties":{"localidad":"Caleta Olivia","pob":51733.0,"cant_medios":2.0,"cant_periodistas":9.0,"pobXmedios":25866.0,"pobXperiodistas":5748.0,"categoria":"2","provincia":"Santa Cruz","link":"78014010","codpcia":"78","coddpto":"014","codloc":"010","departamen":"Deseado","func_loc":"0","tiploc":"1","tip2loc":"0","latitud":"46 26 46","longitud":"67 31 27","xgk":2613414.0,"ygk":4855455.0,"varones":26177.0,"mujeres":25556.0,"personas":51733.0,"hogares":15553.0,"viv_part_h":14297.0,"viv_part":17315.0},"geometry":{"type":"Point","coordinates":[-67.525156,-46.445949]}},{"type":"Feature","properties":{"localidad":"Cañadón Seco","pob":879.0,"cant_medios":null,"cant_periodistas":null,"pobXmedios":null,"pobXperiodistas":null,"categoria":"1","provincia":"Santa Cruz","link":"78014020","codpcia":"78","coddpto":"014","codloc":"020","departamen":"Deseado","func_loc":"0","tiploc":"1","tip2loc":"0","latitud":"46 33 33","longitud":"67 36 57","xgk":2606148.0,"ygk":4843032.0,"varones":473.0,"mujeres":406.0,"personas":879.0,"hogares":251.0,"viv_part_h":243.0,"viv_part":288.0},"geometry":{"type":"Point","coordinates":[-67.616856,-46.558846]}},{"type":"Feature","properties":{"localidad":"El Calafate","pob":16655.0,"cant_medios":5.0,"cant_periodistas":20.0,"pobXmedios":3331.0,"pobXperiodistas":832.0,"categoria":"3","provincia":"Santa Cruz","link":"78028010","codpcia":"78","coddpto":"028","codloc":"010","departamen":"Lago Argentino","func_loc":"3","tiploc":"1","tip2loc":"0","latitud":"50 20 15","longitud":"72 15 38","xgk":2267882.0,"ygk":4418708.0,"varones":8447.0,"mujeres":8208.0,"personas":16655.0,"hogares":4803.0,"viv_part_h":4485.0,"viv_part":5970.0},"geometry":{"type":"Point","coordinates":[-72.261995,-50.337321]}},{"type":"Feature","properties":{"localidad":"El Chaltén","pob":1627.0,"cant_medios":1.0,"cant_periodistas":2.0,"pobXmedios":1627.0,"pobXperiodistas":813.0,"categoria":"1","provincia":"Santa Cruz","link":"78028020","codpcia":"78","coddpto":"028","codloc":"020","departamen":"Lago Argentino","func_loc":"0","tiploc":"1","tip2loc":"0","latitud":"49 19 56","longitud":"72 53 25","xgk":2217262.0,"ygk":4528329.0,"varones":858.0,"mujeres":769.0,"personas":1627.0,"hogares":481.0,"viv_part_h":437.0,"viv_part":511.0},"geometry":{"type":"Point","coordinates":[-72.891627,-49.331973]}},{"type":"Feature","properties":{"localidad":"Fitz Roy","pob":326.0,"cant_medios":null,"cant_periodistas":null,"pobXmedios":null,"pobXperiodistas":null,"categoria":"1","provincia":"Santa Cruz","link":"78014030","codpcia":"78","coddpto":"014","codloc":"030","departamen":"Deseado","func_loc":"0","tiploc":"1","tip2loc":"0","latitud":"47 01 33","longitud":"67 15 11","xgk":2632797.0,"ygk":4790574.0,"varones":182.0,"mujeres":144.0,"personas":326.0,"hogares":102.0,"viv_part_h":98.0,"viv_part":120.0},"geometry":{"type":"Point","coordinates":[-67.254286,-47.025794]}},{"type":"Feature","properties":{"localidad":"Gobernador Gregores","pob":4497.0,"cant_medios":2.0,"cant_periodistas":10.0,"pobXmedios":2248.0,"pobXperiodistas":449.0,"categoria":"1","provincia":"Santa Cruz","link":"78049020","codpcia":"78","coddpto":"049","codloc":"020","departamen":"Río Chico","func_loc":"3","tiploc":"1","tip2loc":"0","latitud":"48 45 08","longitud":"70 14 35","xgk":2408599.0,"ygk":4599358.0,"varones":2496.0,"mujeres":2001.0,"personas":4497.0,"hogares":1230.0,"viv_part_h":1179.0,"viv_part":1482.0},"geometry":{"type":"Point","coordinates":[-70.244204,-48.752122]}},{"type":"Feature","properties":{"localidad":"Jaramillo","pob":420.0,"cant_medios":null,"cant_periodistas":null,"pobXmedios":null,"pobXperiodistas":null,"categoria":"1","provincia":"Santa Cruz","link":"78014040","codpcia":"78","coddpto":"014","codloc":"040","departamen":"Deseado","func_loc":"0","tiploc":"1","tip2loc":"0","latitud":"47 11 06","longitud":"67 08 40","xgk":2640641.0,"ygk":4772718.0,"varones":265.0,"mujeres":155.0,"personas":420.0,"hogares":107.0,"viv_part_h":104.0,"viv_part":127.0},"geometry":{"type":"Point","coordinates":[-67.145582,-47.184703]}},{"type":"Feature","properties":{"localidad":"Koluel Kaike","pob":250.0,"cant_medios":null,"cant_periodistas":null,"pobXmedios":null,"pobXperiodistas":null,"categoria":"1","provincia":"Santa Cruz","link":"78014050","codpcia":"78","coddpto":"014","codloc":"050","departamen":"Deseado","func_loc":"0","tiploc":"1","tip2loc":"0","latitud":"46 43 16","longitud":"68 12 28","xgk":2560577.0,"ygk":4825637.0,"varones":131.0,"mujeres":119.0,"personas":250.0,"hogares":74.0,"viv_part_h":71.0,"viv_part":87.0},"geometry":{"type":"Point","coordinates":[-68.227961,-46.716827]}},{"type":"Feature","properties":{"localidad":"Las Heras","pob":17821.0,"cant_medios":2.0,"cant_periodistas":2.0,"pobXmedios":8910.0,"pobXperiodistas":8910.0,"categoria":"2","provincia":"Santa Cruz","link":"78014060","codpcia":"78","coddpto":"014","codloc":"060","departamen":"Deseado","func_loc":"0","tiploc":"1","tip2loc":"0","latitud":"46 32 34","longitud":"68 55 59","xgk":2505138.0,"ygk":4845782.0,"varones":9338.0,"mujeres":8483.0,"personas":17821.0,"hogares":5432.0,"viv_part_h":5001.0,"viv_part":6043.0},"geometry":{"type":"Point","coordinates":[-68.934177,-46.542455]}},{"type":"Feature","properties":{"localidad":"Los Antiguos","pob":3363.0,"cant_medios":1.0,"cant_periodistas":3.0,"pobXmedios":3363.0,"pobXperiodistas":1121.0,"categoria":"1","provincia":"Santa Cruz","link":"78035010","codpcia":"78","coddpto":"035","codloc":"010","departamen":"Lago Buenos Aires","func_loc":"0","tiploc":"1","tip2loc":"0","latitud":"46 32 56","longitud":"71 37 34","xgk":2298581.0,"ygk":4841729.0,"varones":1766.0,"mujeres":1597.0,"personas":3363.0,"hogares":1054.0,"viv_part_h":985.0,"viv_part":1301.0},"geometry":{"type":"Point","coordinates":[-71.627484,-46.548748]}},{"type":"Feature","properties":{"localidad":"Perito Moreno","pob":4617.0,"cant_medios":2.0,"cant_periodistas":9.0,"pobXmedios":2308.0,"pobXperiodistas":513.0,"categoria":"1","provincia":"Santa Cruz","link":"78035020","codpcia":"78","coddpto":"035","codloc":"020","departamen":"Lago Buenos Aires","func_loc":"3","tiploc":"1","tip2loc":"0","latitud":"46 35 32","longitud":"70 55 28","xgk":2352517.0,"ygk":4838459.0,"varones":2430.0,"mujeres":2187.0,"personas":4617.0,"hogares":1401.0,"viv_part_h":1348.0,"viv_part":1713.0},"geometry":{"type":"Point","coordinates":[-70.925728,-46.592142]}},{"type":"Feature","properties":{"localidad":"Pico Truncado","pob":20889.0,"cant_medios":2.0,"cant_periodistas":3.0,"pobXmedios":10444.0,"pobXperiodistas":6963.0,"categoria":"2","provincia":"Santa Cruz","link":"78014070","codpcia":"78","coddpto":"014","codloc":"070","departamen":"Deseado","func_loc":"0","tiploc":"1","tip2loc":"0","latitud":"46 47 39","longitud":"67 57 23","xgk":2579677.0,"ygk":4817305.0,"varones":10638.0,"mujeres":10251.0,"personas":20889.0,"hogares":6221.0,"viv_part_h":5786.0,"viv_part":6915.0},"geometry":{"type":"Point","coordinates":[-67.95757,-46.793898]}},{"type":"Feature","properties":{"localidad":"Puerto Deseado","pob":14241.0,"cant_medios":2.0,"cant_periodistas":5.0,"pobXmedios":7120.0,"pobXperiodistas":2848.0,"categoria":"1","provincia":"Santa Cruz","link":"78014080","codpcia":"78","coddpto":"014","codloc":"080","departamen":"Deseado","func_loc":"3","tiploc":"1","tip2loc":"0","latitud":"47 45 06","longitud":"65 54 00","xgk":2732437.0,"ygk":4706721.0,"varones":7291.0,"mujeres":6892.0,"personas":14183.0,"hogares":4163.0,"viv_part_h":3755.0,"viv_part":4510.0},"geometry":{"type":"Point","coordinates":[-65.901204,-47.751465]}},{"type":"Feature","properties":{"localidad":"Puerto San Julián","pob":7894.0,"cant_medios":1.0,"cant_periodistas":2.0,"pobXmedios":7894.0,"pobXperiodistas":3497.0,"categoria":"1","provincia":"Santa Cruz","link":"78042010","codpcia":"78","coddpto":"042","codloc":"010","departamen":"Magallanes","func_loc":"3","tiploc":"1","tip2loc":"0","latitud":"49 18 28","longitud":"67 43 51","xgk":2592300.0,"ygk":4537545.0,"varones":3881.0,"mujeres":4013.0,"personas":7894.0,"hogares":2569.0,"viv_part_h":2445.0,"viv_part":3119.0},"geometry":{"type":"Point","coordinates":[-67.73197,-49.307704]}},{"type":"Feature","properties":{"localidad":"Puerto Santa Cruz","pob":4435.0,"cant_medios":1.0,"cant_periodistas":1.0,"pobXmedios":4435.0,"pobXperiodistas":4435.0,"categoria":"1","provincia":"Santa Cruz","link":"78007020","codpcia":"78","coddpto":"007","codloc":"020","departamen":"Corpen Aike","func_loc":"3","tiploc":"1","tip2loc":"0","latitud":"50 01 02","longitud":"68 31 25","xgk":2534145.0,"ygk":4459300.0,"varones":2203.0,"mujeres":2228.0,"personas":4431.0,"hogares":1393.0,"viv_part_h":1331.0,"viv_part":1656.0},"geometry":{"type":"Point","coordinates":[-68.524825,-50.017189]}},{"type":"Feature","properties":{"localidad":"Río Gallegos","pob":95796.0,"cant_medios":7.0,"cant_periodistas":35.0,"pobXmedios":13685.0,"pobXperiodistas":2737.0,"categoria":"4","provincia":"Santa Cruz","link":"78021040","codpcia":"78","coddpto":"021","codloc":"040","departamen":"Güer Aike","func_loc":"2","tiploc":"1","tip2loc":"0","latitud":"51 37 17","longitud":"69 13 40","xgk":2484227.0,"ygk":4280919.0,"varones":47851.0,"mujeres":47945.0,"personas":95796.0,"hogares":28888.0,"viv_part_h":27277.0,"viv_part":32657.0},"geometry":{"type":"Point","coordinates":[-69.229051,-51.621435]}},{"type":"Feature","properties":{"localidad":"Tres Lagos","pob":282.0,"cant_medios":1.0,"cant_periodistas":1.0,"pobXmedios":282.0,"pobXperiodistas":282.0,"categoria":"1","provincia":"Santa Cruz","link":"78028030","codpcia":"78","coddpto":"028","codloc":"030","departamen":"Lago Argentino","func_loc":"0","tiploc":"1","tip2loc":"0","latitud":"49 35 58","longitud":"71 27 48","xgk":2321919.0,"ygk":4502977.0,"varones":168.0,"mujeres":114.0,"personas":282.0,"hogares":86.0,"viv_part_h":81.0,"viv_part":106.0},"geometry":{"type":"Point","coordinates":[-71.445802,-49.599015]}},{"type":"Feature","properties":{"localidad":"Aluminé","pob":8582.0,"cant_medios":3.0,"cant_periodistas":6.0,"pobXmedios":2860.67,"pobXperiodistas":1430.33,"categoria":"1","provincia":"Neuquén","link":"58007010","codpcia":"58","coddpto":"007","codloc":"010","departamen":"Aluminé","func_loc":"3","tiploc":"1","tip2loc":"0","latitud":"39 14 24","longitud":"70 55 00","xgk":2334494.0,"ygk":5655323.0,"varones":2279.0,"mujeres":2312.0,"personas":4591.0,"hogares":1352.0,"viv_part_h":1285.0,"viv_part":1529.0},"geometry":{"type":"Point","coordinates":[-70.918013,-39.239501]}},{"type":"Feature","properties":{"localidad":"Andacollo","pob":2481.0,"cant_medios":2.0,"cant_periodistas":9.0,"pobXmedios":1240.5,"pobXperiodistas":275.6666667,"categoria":"2","provincia":"Neuquén","link":"58077010","codpcia":"58","coddpto":"077","codloc":"010","departamen":"Minas","func_loc":"3","tiploc":"1","tip2loc":"0","latitud":"37 10 55","longitud":"70 40 05","xgk":2351870.0,"ygk":5884221.0,"varones":1231.0,"mujeres":1250.0,"personas":2481.0,"hogares":732.0,"viv_part_h":719.0,"viv_part":983.0},"geometry":{"type":"Point","coordinates":[-70.669077,-37.18141]}},{"type":"Feature","properties":{"localidad":"Añelo","pob":11121.0,"cant_medios":2.0,"cant_periodistas":6.0,"pobXmedios":5560.5,"pobXperiodistas":1853.5,"categoria":"1","provincia":"Neuquén","link":"58014010","codpcia":"58","coddpto":"014","codloc":"010","departamen":"Añelo","func_loc":"3","tiploc":"1","tip2loc":"0","latitud":"38 21 02","longitud":"68 47 56","xgk":2517573.0,"ygk":5755783.0,"varones":1249.0,"mujeres":1200.0,"personas":2449.0,"hogares":764.0,"viv_part_h":746.0,"viv_part":1000.0},"geometry":{"type":"Point","coordinates":[-68.791972,-38.351444]}},{"type":"Feature","properties":{"localidad":"Barrancas","pob":938.0,"cant_medios":1.0,"cant_periodistas":2.0,"pobXmedios":938.0,"pobXperiodistas":469.0,"categoria":"1","provincia":"Neuquén","link":"58091010","codpcia":"58","coddpto":"091","codloc":"010","departamen":"Pehuenches","func_loc":"0","tiploc":"1","tip2loc":"0","latitud":"36 49 31","longitud":"69 54 56","xgk":2418324.0,"ygk":5924717.0,"varones":462.0,"mujeres":476.0,"personas":938.0,"hogares":289.0,"viv_part_h":287.0,"viv_part":383.0},"geometry":{"type":"Point","coordinates":[-69.916478,-36.824737]}},{"type":"Feature","properties":{"localidad":"Buta Ranquil","pob":2443.0,"cant_medios":1.0,"cant_periodistas":5.0,"pobXmedios":2443.0,"pobXperiodistas":488.6,"categoria":"1","provincia":"Neuquén","link":"58091020","codpcia":"58","coddpto":"091","codloc":"020","departamen":"Pehuenches","func_loc":"3","tiploc":"1","tip2loc":"0","latitud":"37 03 16","longitud":"69 51 45","xgk":2423272.0,"ygk":5899310.0,"varones":1235.0,"mujeres":1208.0,"personas":2443.0,"hogares":748.0,"viv_part_h":711.0,"viv_part":884.0},"geometry":{"type":"Point","coordinates":[-69.873851,-37.050788]}},{"type":"Feature","properties":{"localidad":"Centenario","pob":32928.0,"cant_medios":2.0,"cant_periodistas":9.0,"pobXmedios":16464.0,"pobXperiodistas":3658.67,"categoria":"2","provincia":"Neuquén","link":"58035030","codpcia":"58","coddpto":"035","codloc":"030","departamen":"Confluencia","func_loc":"0","tiploc":"1","tip2loc":"0","latitud":"38 49 41","longitud":"68 09 08","xgk":2573622.0,"ygk":5702467.0,"varones":16324.0,"mujeres":16604.0,"personas":32928.0,"hogares":9845.0,"viv_part_h":9375.0,"viv_part":10879.0},"geometry":{"type":"Point","coordinates":[-68.15321900000001,-38.827578]}},{"type":"Feature","properties":{"localidad":"Chos Malal","pob":13092.0,"cant_medios":3.0,"cant_periodistas":13.0,"pobXmedios":4364.0,"pobXperiodistas":1007.08,"categoria":"2","provincia":"Neuquén","link":"58042010","codpcia":"58","coddpto":"042","codloc":"010","departamen":"Chos Malal","func_loc":"3","tiploc":"1","tip2loc":"0","latitud":"37 22 47","longitud":"70 16 17","xgk":2387395.0,"ygk":5862809.0,"varones":6417.0,"mujeres":6675.0,"personas":13092.0,"hogares":3909.0,"viv_part_h":3796.0,"viv_part":4614.0},"geometry":{"type":"Point","coordinates":[-70.272377,-37.379257]}},{"type":"Feature","properties":{"localidad":"El Cholar","pob":734.0,"cant_medios":1.0,"cant_periodistas":4.0,"pobXmedios":734.0,"pobXperiodistas":183.5,"categoria":"1","provincia":"Neuquén","link":"58084030","codpcia":"58","coddpto":"084","codloc":"030","departamen":"Ñorquín","func_loc":"0","tiploc":"1","tip2loc":"0","latitud":"37 26 44","longitud":"70 39 44","xgk":2352907.0,"ygk":5854952.0,"varones":364.0,"mujeres":370.0,"personas":734.0,"hogares":211.0,"viv_part_h":210.0,"viv_part":258.0},"geometry":{"type":"Point","coordinates":[-70.644182,-37.440865]}},{"type":"Feature","properties":{"localidad":"El Huecú","pob":1391.0,"cant_medios":1.0,"cant_periodistas":1.0,"pobXmedios":1391.0,"pobXperiodistas":1391.0,"categoria":"1","provincia":"Neuquén","link":"58084040","codpcia":"58","coddpto":"084","codloc":"040","departamen":"Ñorquín","func_loc":"3","tiploc":"1","tip2loc":"0","latitud":"37 38 31","longitud":"70 34 41","xgk":2360717.0,"ygk":5833281.0,"varones":716.0,"mujeres":675.0,"personas":1391.0,"hogares":385.0,"viv_part_h":325.0,"viv_part":440.0},"geometry":{"type":"Point","coordinates":[-70.579088,-37.641583]}},{"type":"Feature","properties":{"localidad":"Las Coloradas","pob":873.0,"cant_medios":1.0,"cant_periodistas":4.0,"pobXmedios":873.0,"pobXperiodistas":218.25,"categoria":"1","provincia":"Neuquén","link":"58021010","codpcia":"58","coddpto":"021","codloc":"010","departamen":"Catán Lil","func_loc":"3","tiploc":"1","tip2loc":"0","latitud":"39 33 30","longitud":"70 35 32","xgk":2363155.0,"ygk":5620518.0,"varones":450.0,"mujeres":423.0,"personas":873.0,"hogares":235.0,"viv_part_h":231.0,"viv_part":304.0},"geometry":{"type":"Point","coordinates":[-70.593289,-39.557864]}},{"type":"Feature","properties":{"localidad":"Las Lajas","pob":4464.0,"cant_medios":1.0,"cant_periodistas":5.0,"pobXmedios":4464.0,"pobXperiodistas":892.8,"categoria":"1","provincia":"Neuquén","link":"58105030","codpcia":"58","coddpto":"105","codloc":"030","departamen":"Picunches","func_loc":"3","tiploc":"1","tip2loc":"0","latitud":"38 31 47","longitud":"70 22 04","xgk":2380718.0,"ygk":5735034.0,"varones":2234.0,"mujeres":2230.0,"personas":4464.0,"hogares":1238.0,"viv_part_h":1197.0,"viv_part":1422.0},"geometry":{"type":"Point","coordinates":[-70.36895,-38.529261]}},{"type":"Feature","properties":{"localidad":"Las Ovejas","pob":1128.0,"cant_medios":1.0,"cant_periodistas":1.0,"pobXmedios":1128.0,"pobXperiodistas":1128.0,"categoria":"1","provincia":"Neuquén","link":"58077030","codpcia":"58","coddpto":"077","codloc":"030","departamen":"Minas","func_loc":"0","tiploc":"1","tip2loc":"0","latitud":"36 59 37","longitud":"70 45 07","xgk":2344022.0,"ygk":5904984.0,"varones":573.0,"mujeres":555.0,"personas":1128.0,"hogares":326.0,"viv_part_h":303.0,"viv_part":384.0},"geometry":{"type":"Point","coordinates":[-70.7487,-36.988134]}},{"type":"Feature","properties":{"localidad":"Los Miches","pob":201.0,"cant_medios":1.0,"cant_periodistas":1.0,"pobXmedios":201.0,"pobXperiodistas":201.0,"categoria":"1","provincia":"Neuquén","link":"58077040","codpcia":"58","coddpto":"077","codloc":"040","departamen":"Minas","func_loc":"0","tiploc":"1","tip2loc":"0","latitud":"37 12 30","longitud":"70 49 11","xgk":2338446.0,"ygk":5881030.0,"varones":89.0,"mujeres":112.0,"personas":201.0,"hogares":52.0,"viv_part_h":41.0,"viv_part":59.0},"geometry":{"type":"Point","coordinates":[-70.820861,-37.207927]}},{"type":"Feature","properties":{"localidad":"Loncopué","pob":4877.0,"cant_medios":2.0,"cant_periodistas":7.0,"pobXmedios":2438.5,"pobXperiodistas":696.71,"categoria":"2","provincia":"Neuquén","link":"58063020","codpcia":"58","coddpto":"063","codloc":"020","departamen":"Loncopué","func_loc":"3","tiploc":"1","tip2loc":"0","latitud":"38 05 33","longitud":"70 36 56","xgk":2358258.0,"ygk":5783232.0,"varones":2371.0,"mujeres":2506.0,"personas":4877.0,"hogares":1423.0,"viv_part_h":1372.0,"viv_part":1602.0},"geometry":{"type":"Point","coordinates":[-70.612404,-38.069943]}},{"type":"Feature","properties":{"localidad":"Mariano Moreno","pob":2205.0,"cant_medios":null,"cant_periodistas":null,"pobXmedios":null,"pobXperiodistas":null,"categoria":"1","provincia":"Neuquén","link":"58112020","codpcia":"58","coddpto":"112","codloc":"020","departamen":"Zapala","func_loc":"0","tiploc":"1","tip2loc":"0","latitud":"38 45 44","longitud":"70 02 12","xgk":2409897.0,"ygk":5709612.0,"varones":1343.0,"mujeres":1317.0,"personas":2660.0,"hogares":735.0,"viv_part_h":688.0,"viv_part":900.0},"geometry":{"type":"Point","coordinates":[-70.037676,-38.761676]}},{"type":"Feature","properties":{"localidad":"Picún Leufú","pob":4757.0,"cant_medios":1.0,"cant_periodistas":3.0,"pobXmedios":4757.0,"pobXperiodistas":1585.67,"categoria":"1","provincia":"Neuquén","link":"58098020","codpcia":"58","coddpto":"098","codloc":"020","departamen":"Picún Leufú","func_loc":"3","tiploc":"1","tip2loc":"0","latitud":"39 31 04","longitud":"69 18 00","xgk":2474198.0,"ygk":5626192.0,"varones":1560.0,"mujeres":1584.0,"personas":3144.0,"hogares":927.0,"viv_part_h":899.0,"viv_part":1052.0},"geometry":{"type":"Point","coordinates":[-69.296267,-39.519136]}},{"type":"Feature","properties":{"localidad":"Plaza Huincul","pob":13172.0,"cant_medios":2.0,"cant_periodistas":9.0,"pobXmedios":6586.0,"pobXperiodistas":1463.56,"categoria":"2","provincia":"Neuquén","link":"58035090","codpcia":"58","coddpto":"035","codloc":"090","departamen":"Confluencia","func_loc":"0","tiploc":"2","tip2loc":"5","latitud":"38 55 46","longitud":"69 12 04","xgk":2482560.0,"ygk":5691521.0,"varones":6435.0,"mujeres":6737.0,"personas":13172.0,"hogares":3920.0,"viv_part_h":3728.0,"viv_part":4286.0},"geometry":{"type":"Point","coordinates":[-69.202159,-38.929071]}},{"type":"Feature","properties":{"localidad":"Plottier","pob":32390.0,"cant_medios":2.0,"cant_periodistas":7.0,"pobXmedios":16195.0,"pobXperiodistas":4627.14,"categoria":"2","provincia":"Neuquén","link":"58035100","codpcia":"58","coddpto":"035","codloc":"100","departamen":"Confluencia","func_loc":"0","tiploc":"2","tip2loc":"5","latitud":"38 57 05","longitud":"68 14 49","xgk":2565292.0,"ygk":5688830.0,"varones":16049.0,"mujeres":16341.0,"personas":32390.0,"hogares":9826.0,"viv_part_h":8971.0,"viv_part":10947.0},"geometry":{"type":"Point","coordinates":[-68.24784,-38.951056]}},{"type":"Feature","properties":{"localidad":"Senillosa","pob":7542.0,"cant_medios":1.0,"cant_periodistas":5.0,"pobXmedios":7542.0,"pobXperiodistas":1508.4,"categoria":"1","provincia":"Neuquén","link":"58035110","codpcia":"58","coddpto":"035","codloc":"110","departamen":"Confluencia","func_loc":"0","tiploc":"1","tip2loc":"0","latitud":"39 00 38","longitud":"68 26 38","xgk":2548173.0,"ygk":5682398.0,"varones":3743.0,"mujeres":3799.0,"personas":7542.0,"hogares":2117.0,"viv_part_h":1922.0,"viv_part":2281.0},"geometry":{"type":"Point","coordinates":[-68.433383,-39.011303]}},{"type":"Feature","properties":{"localidad":"Taquimilán","pob":558.0,"cant_medios":1.0,"cant_periodistas":2.0,"pobXmedios":558.0,"pobXperiodistas":279.0,"categoria":"1","provincia":"Neuquén","link":"58084050","codpcia":"58","coddpto":"084","codloc":"050","departamen":"Ñorquín","func_loc":"0","tiploc":"1","tip2loc":"0","latitud":"37 34 57","longitud":"70 17 60","xgk":2385176.0,"ygk":5840273.0,"varones":307.0,"mujeres":251.0,"personas":558.0,"hogares":158.0,"viv_part_h":133.0,"viv_part":179.0},"geometry":{"type":"Point","coordinates":[-70.250386,-37.51691]}},{"type":"Feature","properties":{"localidad":"Tricao Malal","pob":533.0,"cant_medios":1.0,"cant_periodistas":3.0,"pobXmedios":533.0,"pobXperiodistas":177.67,"categoria":"1","provincia":"Neuquén","link":"58042020","codpcia":"58","coddpto":"042","codloc":"020","departamen":"Chos Malal","func_loc":"0","tiploc":"1","tip2loc":"0","latitud":"37 02 36","longitud":"70 20 01","xgk":2381347.0,"ygk":5900071.0,"varones":246.0,"mujeres":287.0,"personas":533.0,"hogares":162.0,"viv_part_h":157.0,"viv_part":207.0},"geometry":{"type":"Point","coordinates":[-70.334718,-37.042849]}},{"type":"Feature","properties":{"localidad":"Villa El Chocón","pob":426.0,"cant_medios":1.0,"cant_periodistas":4.0,"pobXmedios":426.0,"pobXperiodistas":106.5,"categoria":"1","provincia":"Neuquén","link":"58035120","codpcia":"58","coddpto":"035","codloc":"120","departamen":"Confluencia","func_loc":"0","tiploc":"1","tip2loc":"0","latitud":"39 15 41","longitud":"68 47 24","xgk":2518118.0,"ygk":5654684.0,"varones":360.0,"mujeres":347.0,"personas":707.0,"hogares":206.0,"viv_part_h":200.0,"viv_part":278.0},"geometry":{"type":"Point","coordinates":[-68.784256,-39.26101]}},{"type":"Feature","properties":{"localidad":"Villa La Angostura","pob":11063.0,"cant_medios":4.0,"cant_periodistas":16.0,"pobXmedios":2765.75,"pobXperiodistas":691.44,"categoria":"2","provincia":"Neuquén","link":"58070010","codpcia":"58","coddpto":"070","codloc":"010","departamen":"Los Lagos","func_loc":"3","tiploc":"1","tip2loc":"0","latitud":"40 45 49","longitud":"71 38 39","xgk":2276728.0,"ygk":5484528.0,"varones":5562.0,"mujeres":5501.0,"personas":11063.0,"hogares":3362.0,"viv_part_h":3226.0,"viv_part":4544.0},"geometry":{"type":"Point","coordinates":[-71.645197,-40.763176]}},{"type":"Feature","properties":{"localidad":"Zapala","pob":38019.0,"cant_medios":4.0,"cant_periodistas":15.0,"pobXmedios":9504.75,"pobXperiodistas":2534.6,"categoria":"3","provincia":"Neuquén","link":"58112040","codpcia":"58","coddpto":"112","codloc":"040","departamen":"Zapala","func_loc":"3","tiploc":"1","tip2loc":"0","latitud":"38 53 48","longitud":"70 03 57","xgk":2407536.0,"ygk":5694652.0,"varones":15616.0,"mujeres":16481.0,"personas":32097.0,"hogares":9425.0,"viv_part_h":9072.0,"viv_part":10466.0},"geometry":{"type":"Point","coordinates":[-70.066855,-38.896169]}},{"type":"Feature","properties":{"localidad":"Añatuya","pob":23120.0,"cant_medios":2.0,"cant_periodistas":9.0,"pobXmedios":11560.0,"pobXperiodistas":2568.8888888888889,"categoria":"1","provincia":"Santiago del Estero","link":"86077010","codpcia":"86","coddpto":"077","codloc":"010","departamen":"General Taboada","func_loc":"3","tiploc":"1","tip2loc":"0","latitud":"28 27 55","longitud":"62 50 11","xgk":4516018.0,"ygk":6852241.0,"varones":11270.0,"mujeres":12016.0,"personas":23286.0,"hogares":5645.0,"viv_part_h":5313.0,"viv_part":6454.0},"geometry":{"type":"Point","coordinates":[-62.837155,-28.464561]}},{"type":"Feature","properties":{"localidad":"Bandera","pob":6714.0,"cant_medios":2.0,"cant_periodistas":18.0,"pobXmedios":3357.0,"pobXperiodistas":373.0,"categoria":"2","provincia":"Santiago del Estero","link":"86042010","codpcia":"86","coddpto":"042","codloc":"010","departamen":"Belgrano","func_loc":"3","tiploc":"1","tip2loc":"0","latitud":"28 53 22","longitud":"62 16 01","xgk":4571502.0,"ygk":6805005.0,"varones":3274.0,"mujeres":3262.0,"personas":6536.0,"hogares":1717.0,"viv_part_h":1482.0,"viv_part":1726.0},"geometry":{"type":"Point","coordinates":[-62.266199,-28.882505]}},{"type":"Feature","properties":{"localidad":"Beltrán","pob":6359.0,"cant_medios":0.0,"cant_periodistas":0.0,"pobXmedios":null,"pobXperiodistas":null,"categoria":"1","provincia":"Santiago del Estero","link":"86161010","codpcia":"86","coddpto":"161","codloc":"010","departamen":"Robles","func_loc":"0","tiploc":"1","tip2loc":"0","latitud":"27 49 56","longitud":"64 03 38","xgk":4395506.0,"ygk":6921947.0,"varones":3097.0,"mujeres":3255.0,"personas":6352.0,"hogares":1523.0,"viv_part_h":1453.0,"viv_part":1852.0},"geometry":{"type":"Point","coordinates":[-64.061379,-27.831591]}},{"type":"Feature","properties":{"localidad":"Campo Gallo","pob":6822.0,"cant_medios":4.0,"cant_periodistas":11.0,"pobXmedios":1705.5,"pobXperiodistas":620.1818181818181,"categoria":"2","provincia":"Santiago del Estero","link":"86014010","codpcia":"86","coddpto":"014","codloc":"010","departamen":"Alberdi","func_loc":"3","tiploc":"1","tip2loc":"0","latitud":"26 35 10","longitud":"62 51 12","xgk":4514599.0,"ygk":7060461.0,"varones":3108.0,"mujeres":3114.0,"personas":6222.0,"hogares":1392.0,"viv_part_h":1286.0,"viv_part":1490.0},"geometry":{"type":"Point","coordinates":[-62.852138,-26.581589]}},{"type":"Feature","properties":{"localidad":"Colonia Dora","pob":3413.0,"cant_medios":2.0,"cant_periodistas":8.0,"pobXmedios":1706.5,"pobXperiodistas":426.625,"categoria":"1","provincia":"Santiago del Estero","link":"86028010","codpcia":"86","coddpto":"028","codloc":"010","departamen":"Avellaneda","func_loc":"0","tiploc":"1","tip2loc":"0","latitud":"28 36 13","longitud":"62 57 01","xgk":4504855.0,"ygk":6836895.0,"varones":1659.0,"mujeres":1705.0,"personas":3364.0,"hogares":841.0,"viv_part_h":786.0,"viv_part":1002.0},"geometry":{"type":"Point","coordinates":[-62.951073,-28.603117]}},{"type":"Feature","properties":{"localidad":"Clodomira","pob":10862.0,"cant_medios":0.0,"cant_periodistas":0.0,"pobXmedios":null,"pobXperiodistas":null,"categoria":"1","provincia":"Santiago del Estero","link":"86035060","codpcia":"86","coddpto":"035","codloc":"060","departamen":"Banda","func_loc":"0","tiploc":"1","tip2loc":"0","latitud":"27 34 37","longitud":"64 07 53","xgk":4388263.0,"ygk":6950181.0,"varones":4653.0,"mujeres":5008.0,"personas":9661.0,"hogares":2430.0,"viv_part_h":2332.0,"viv_part":2735.0},"geometry":{"type":"Point","coordinates":[-64.13224,-27.576276]}},{"type":"Feature","properties":{"localidad":"Fernández","pob":12865.0,"cant_medios":2.0,"cant_periodistas":6.0,"pobXmedios":6432.5,"pobXperiodistas":2144.1666666666667,"categoria":"1","provincia":"Santiago del Estero","link":"86161030","codpcia":"86","coddpto":"161","codloc":"030","departamen":"Robles","func_loc":"3","tiploc":"1","tip2loc":"0","latitud":"27 55 29","longitud":"63 53 35","xgk":4412093.0,"ygk":6911823.0,"varones":6259.0,"mujeres":6627.0,"personas":12886.0,"hogares":3210.0,"viv_part_h":2993.0,"viv_part":3531.0},"geometry":{"type":"Point","coordinates":[-63.893776,-27.924125]}},{"type":"Feature","properties":{"localidad":"Frías","pob":27083.0,"cant_medios":2.0,"cant_periodistas":7.0,"pobXmedios":13541.5,"pobXperiodistas":3869.0,"categoria":"1","provincia":"Santiago del Estero","link":"86063040","codpcia":"86","coddpto":"063","codloc":"040","departamen":"Choya","func_loc":"3","tiploc":"1","tip2loc":"0","latitud":"28 38 26","longitud":"65 07 47","xgk":4291721.0,"ygk":6830960.0,"varones":12967.0,"mujeres":13682.0,"personas":26649.0,"hogares":7438.0,"viv_part_h":7164.0,"viv_part":8594.0},"geometry":{"type":"Point","coordinates":[-65.130637,-28.639918]}},{"type":"Feature","properties":{"localidad":"Garza","pob":2691.0,"cant_medios":1.0,"cant_periodistas":1.0,"pobXmedios":2691.0,"pobXperiodistas":2691.0,"categoria":"1","provincia":"Santiago del Estero","link":"86182010","codpcia":"86","coddpto":"182","codloc":"010","departamen":"Sarmiento","func_loc":"3","tiploc":"1","tip2loc":"0","latitud":"28 09 25","longitud":"63 32 13","xgk":4447258.0,"ygk":6886297.0,"varones":1293.0,"mujeres":1291.0,"personas":2584.0,"hogares":606.0,"viv_part_h":597.0,"viv_part":777.0},"geometry":{"type":"Point","coordinates":[-63.534516,-28.152958]}},{"type":"Feature","properties":{"localidad":"Ingeniero Forres","pob":5398.0,"cant_medios":0.0,"cant_periodistas":0.0,"pobXmedios":null,"pobXperiodistas":null,"categoria":"1","provincia":"Santiago del Estero","link":"86161040","codpcia":"86","coddpto":"161","codloc":"040","departamen":"Robles","func_loc":"0","tiploc":"1","tip2loc":"0","latitud":"27 52 41","longitud":"63 58 42","xgk":4403649.0,"ygk":6916928.0,"varones":2732.0,"mujeres":2731.0,"personas":5463.0,"hogares":1320.0,"viv_part_h":1274.0,"viv_part":1463.0},"geometry":{"type":"Point","coordinates":[-63.979136,-27.877491]}},{"type":"Feature","properties":{"localidad":"La Banda","pob":108055.0,"cant_medios":2.0,"cant_periodistas":10.0,"pobXmedios":54027.5,"pobXperiodistas":10805.5,"categoria":"2","provincia":"Santiago del Estero","link":"86035090","codpcia":"86","coddpto":"035","codloc":"090","departamen":"Banda","func_loc":"3","tiploc":"2","tip2loc":"5","latitud":"27 44 04","longitud":"64 14 18","xgk":4377899.0,"ygk":6932610.0,"varones":51269.0,"mujeres":55172.0,"personas":106441.0,"hogares":26759.0,"viv_part_h":25114.0,"viv_part":29738.0},"geometry":{"type":"Point","coordinates":[-64.238961,-27.733906]}},{"type":"Feature","properties":{"localidad":"Los Juríes","pob":3931.0,"cant_medios":0.0,"cant_periodistas":0.0,"pobXmedios":null,"pobXperiodistas":null,"categoria":"1","provincia":"Santiago del Estero","link":"86077050","codpcia":"86","coddpto":"077","codloc":"050","departamen":"General Taboada","func_loc":"0","tiploc":"1","tip2loc":"0","latitud":"28 28 07","longitud":"62 06 33","xgk":4587260.0,"ygk":6851559.0,"varones":1861.0,"mujeres":1972.0,"personas":3833.0,"hogares":948.0,"viv_part_h":932.0,"viv_part":1111.0},"geometry":{"type":"Point","coordinates":[-62.109729,-28.467899]}},{"type":"Feature","properties":{"localidad":"Los Telares","pob":2791.0,"cant_medios":0.0,"cant_periodistas":0.0,"pobXmedios":null,"pobXperiodistas":null,"categoria":"1","provincia":"Santiago del Estero","link":"86168020","codpcia":"86","coddpto":"168","codloc":"020","departamen":"Salavina","func_loc":"3","tiploc":"1","tip2loc":"0","latitud":"28 59 11","longitud":"63 26 48","xgk":4456466.0,"ygk":6794391.0,"varones":1305.0,"mujeres":1268.0,"personas":2573.0,"hogares":688.0,"viv_part_h":672.0,"viv_part":912.0},"geometry":{"type":"Point","coordinates":[-63.447443,-28.985879]}},{"type":"Feature","properties":{"localidad":"Monte Quemado","pob":12606.0,"cant_medios":2.0,"cant_periodistas":2.0,"pobXmedios":6303.0,"pobXperiodistas":6303.0,"categoria":"1","provincia":"Santiago del Estero","link":"86056050","codpcia":"86","coddpto":"056","codloc":"050","departamen":"Copo","func_loc":"3","tiploc":"1","tip2loc":"0","latitud":"25 48 18","longitud":"62 49 51","xgk":4516955.0,"ygk":7147021.0,"varones":6171.0,"mujeres":6372.0,"personas":12543.0,"hogares":2981.0,"viv_part_h":2878.0,"viv_part":3760.0},"geometry":{"type":"Point","coordinates":[-62.842185,-25.805524]}},{"type":"Feature","properties":{"localidad":"Nueva Esperanza","pob":5322.0,"cant_medios":0.0,"cant_periodistas":0.0,"pobXmedios":null,"pobXperiodistas":null,"categoria":"1","provincia":"Santiago del Estero","link":"86056060","codpcia":"86","coddpto":"056","codloc":"060","departamen":"Copo","func_loc":"0","tiploc":"1","tip2loc":"0","latitud":"26 02 04","longitud":"63 19 02","xgk":4468241.0,"ygk":7121555.0,"varones":42.0,"mujeres":30.0,"personas":72.0,"hogares":17.0,"viv_part_h":17.0,"viv_part":17.0},"geometry":{"type":"Point","coordinates":[-63.318006,-26.033847]}},{"type":"Feature","properties":{"localidad":"Nueva Esperanza","pob":5322.0,"cant_medios":0.0,"cant_periodistas":0.0,"pobXmedios":null,"pobXperiodistas":null,"categoria":"1","provincia":"Santiago del Estero","link":"86133030","codpcia":"86","coddpto":"133","codloc":"030","departamen":"Pellegrini","func_loc":"3","tiploc":"1","tip2loc":"0","latitud":"26 12 13","longitud":"64 14 17","xgk":4376263.0,"ygk":7102269.0,"varones":2548.0,"mujeres":2597.0,"personas":5145.0,"hogares":1370.0,"viv_part_h":1132.0,"viv_part":1628.0},"geometry":{"type":"Point","coordinates":[-64.238686,-26.202949]}},{"type":"Feature","properties":{"localidad":"Pozo Hondo","pob":3533.0,"cant_medios":1.0,"cant_periodistas":7.0,"pobXmedios":3533.0,"pobXperiodistas":504.7142857142857,"categoria":"1","provincia":"Santiago del Estero","link":"86091070","codpcia":"86","coddpto":"091","codloc":"070","departamen":"Jiménez","func_loc":"3","tiploc":"1","tip2loc":"0","latitud":"27 10 08","longitud":"64 29 26","xgk":4352264.0,"ygk":6995018.0,"varones":1646.0,"mujeres":1603.0,"personas":3249.0,"hogares":788.0,"viv_part_h":636.0,"viv_part":809.0},"geometry":{"type":"Point","coordinates":[-64.483386,-27.164622]}},{"type":"Feature","properties":{"localidad":"Selva","pob":2885.0,"cant_medios":2.0,"cant_periodistas":6.0,"pobXmedios":1442.5,"pobXperiodistas":480.8333333333333,"categoria":"2","provincia":"Santiago del Estero","link":"86154030","codpcia":"86","coddpto":"154","codloc":"030","departamen":"Rivadavia","func_loc":"3","tiploc":"1","tip2loc":"0","latitud":"29 46 09","longitud":"62 02 55","xgk":4592006.0,"ygk":6707321.0,"varones":1413.0,"mujeres":1465.0,"personas":2878.0,"hogares":879.0,"viv_part_h":836.0,"viv_part":1006.0},"geometry":{"type":"Point","coordinates":[-62.052506,-29.76049]}},{"type":"Feature","properties":{"localidad":"Sumampa","pob":5907.0,"cant_medios":4.0,"cant_periodistas":4.0,"pobXmedios":1476.75,"pobXperiodistas":1476.75,"categoria":"1","provincia":"Santiago del Estero","link":"86140020","codpcia":"86","coddpto":"140","codloc":"020","departamen":"Quebrachos","func_loc":"3","tiploc":"1","tip2loc":"0","latitud":"29 23 11","longitud":"63 28 24","xgk":4454058.0,"ygk":6750067.0,"varones":2638.0,"mujeres":2921.0,"personas":5559.0,"hogares":1497.0,"viv_part_h":1463.0,"viv_part":1803.0},"geometry":{"type":"Point","coordinates":[-63.473981,-29.385677]}},{"type":"Feature","properties":{"localidad":"Suncho Corral","pob":7241.0,"cant_medios":1.0,"cant_periodistas":2.0,"pobXmedios":7241.0,"pobXperiodistas":3620.5,"categoria":"1","provincia":"Santiago del Estero","link":"86098040","codpcia":"86","coddpto":"098","codloc":"040","departamen":"Juan F. Ibarra","func_loc":"3","tiploc":"1","tip2loc":"0","latitud":"27 56 17","longitud":"63 25 41","xgk":4457882.0,"ygk":6910606.0,"varones":3499.0,"mujeres":3702.0,"personas":7201.0,"hogares":1630.0,"viv_part_h":1592.0,"viv_part":1908.0},"geometry":{"type":"Point","coordinates":[-63.428656,-27.937344]}},{"type":"Feature","properties":{"localidad":"Tintina","pob":3469.0,"cant_medios":2.0,"cant_periodistas":4.0,"pobXmedios":1734.5,"pobXperiodistas":867.25,"categoria":"1","provincia":"Santiago del Estero","link":"86119120","codpcia":"86","coddpto":"119","codloc":"120","departamen":"Moreno","func_loc":"0","tiploc":"1","tip2loc":"0","latitud":"27 01 54","longitud":"62 42 22","xgk":4529167.0,"ygk":7011089.0,"varones":1782.0,"mujeres":1755.0,"personas":3537.0,"hogares":790.0,"viv_part_h":761.0,"viv_part":879.0},"geometry":{"type":"Point","coordinates":[-62.701476,-27.026943]}},{"type":"Feature","properties":{"localidad":"Villa Atamisqui","pob":3461.0,"cant_medios":2.0,"cant_periodistas":5.0,"pobXmedios":1730.5,"pobXperiodistas":692.2,"categoria":"1","provincia":"Santiago del Estero","link":"86021030","codpcia":"86","coddpto":"021","codloc":"030","departamen":"Atamisqui","func_loc":"3","tiploc":"1","tip2loc":"0","latitud":"28 29 56","longitud":"63 49 12","xgk":4419700.0,"ygk":6848237.0,"varones":1563.0,"mujeres":1726.0,"personas":3289.0,"hogares":774.0,"viv_part_h":759.0,"viv_part":1061.0},"geometry":{"type":"Point","coordinates":[-63.820516,-28.493926]}}]}